{
  "cpp_enabled": {
    "Transformer": 0.6297612190246582,
    "Versor": 1.6930007934570312,
    "Versor-4ch": 5.741641521453857,
    "Versor (Matrix)": 1.044609546661377
  },
  "python_fallback": {
    "Versor": 7.883596420288085,
    "Versor-4ch": 5.781445503234863,
    "Ham-Versor": 5.024919509887695
  }
}