{"mean_mse": 10.681192278862, "std_mse": 7.074176988341925, "mean_drift": 116.81547363599141, "std_drift": 56.06466107418526, "mean_latency": 1.2944388389587402}