{"mean_mse": 19.928970019022625, "std_mse": 7.853950631418141, "mean_drift": 3938.059171040853, "std_drift": 2622.6989762119542, "mean_latency": 0.04730701446533203}