{
    "8": {
        "versor_hist": [
            1.0,
            1.0,
            1.0,
            1.0,
            1.0,
            1.0,
            1.0,
            1.0,
            1.0,
            1.0
        ],
        "geo_mcc": 1.0,
        "std_hist": [
            0.0,
            0.9669875568304563,
            0.877799180317562,
            1.0,
            1.0,
            1.0,
            1.0,
            1.0,
            1.0,
            1.0
        ],
        "std_mcc": 1.0
    },
    "16": {
        "versor_hist": [
            0.0,
            0.0,
            0.047001394395384234,
            -0.03779644730092272,
            -0.018768442352560453,
            0.06923261085634619,
            0.123383229831347,
            0.16748743358277696,
            0.37583507875203154,
            0.5786383687084009,
            0.9866838265346066,
            1.0,
            1.0,
            1.0,
            1.0
        ],
        "geo_mcc": 1.0,
        "std_hist": [
            0.0,
            0.0,
            -0.008640915361921107,
            0.028505437217100655,
            0.01439102036129362,
            0.14804584719939592,
            0.19519363966036204,
            0.27970524657835033,
            0.21372621853714185,
            0.24304256837234836,
            0.36385121800340886,
            0.3375248649408311,
            0.2580764796141464,
            0.2542484312516781,
            0.32815977053160866
        ],
        "std_mcc": 0.32815977053160866
    },
    "32": {
        "versor_hist": [
            0.0,
            0.4076649949945638,
            0.7513445204720569,
            0.49034910377754665,
            0.766393713900053,
            0.0,
            0.7867000981386316,
            0.0,
            0.9769280832452264,
            0.9899975024068762,
            0.993327327928469,
            0.993327327928469,
            0.993327327928469,
            0.993327327928469,
            0.993327327928469,
            0.993327327928469,
            0.993327327928469,
            0.993327327928469,
            0.993327327928469,
            0.993327327928469
        ],
        "geo_mcc": 0.993327327928469,
        "std_hist": [
            0.0,
            0.0,
            0.0,
            -0.05127341323414924,
            -0.04507133082063595,
            -0.009934050796390375,
            -0.03572660444667468,
            0.010000500037503126,
            0.006970152300708172,
            -0.07568611106588348,
            -0.02413284811452029,
            -0.013640154502342787,
            -0.0008943449171686539,
            -0.04754577910886641,
            -0.0251282195630712,
            0.045666162151782895,
            0.03653840813987484,
            0.06324968104534072,
            0.05583741400229738,
            0.06928947127118122
        ],
        "std_mcc": 0.06928947127118122
    }
}