{
  "epochs": [
    1,
    2,
    3
  ],
  "train_loss": [
    1.8078547697847762,
    1.5466377985142077,
    1.4019215704534975
  ],
  "test_acc": [
    37.46,
    44.77,
    49.63
  ]
}