{
  "GATr": {
    "mse_n5": 1.7661367654800415,
    "mse_n3": 0.03785616531968117
  },
  "Mamba": {
    "mse_n5": 8.29569149017334,
    "mse_n3": Infinity
  }
}