{
  "config": {
    "train_length": 50,
    "test_lengths": [
      50,
      100,
      150
    ],
    "train_samples": 100,
    "test_samples": 20,
    "epochs": 20,
    "seed": 42
  },
  "models": {
    "Transformer": {
      "L50": 1.3256810903549194,
      "L100": 10.51870346069336,
      "L150": 9.495935440063477,
      "transfer_gap_100": 7.934565512944918,
      "transfer_gap_150": 7.163061696475709
    },
    "Versor": {
      "L50": 0.9688352346420288,
      "L100": 0.4742637276649475,
      "L150": 28.68079948425293,
      "transfer_gap_100": 0.4895194876352545,
      "transfer_gap_150": 29.603381936093694
    },
    "GNS": {
      "L50": 0.12989871203899384,
      "L100": 5.742611408233643,
      "L150": 1.0020822286605835,
      "transfer_gap_100": 44.20837834411929,
      "transfer_gap_150": 7.714335368927846
    }
  }
}