{
    "bitmasked": 553.0938005447388,
    "matrix": 267.6621341705322
}