{
  "Versor (RNN)": {
    "3": Infinity,
    "10": Infinity,
    "20": Infinity,
    "30": Infinity
  },
  "Versor (4-ch)": {
    "3": 0.2776477038860321,
    "10": 5.732300281524658,
    "20": 27.401308059692383,
    "30": 189.8970947265625
  },
  "GATr": {
    "3": 0.029277408495545387,
    "10": 0.8289738893508911,
    "20": 72.82542419433594,
    "30": 3.732395887374878
  },
  "Mamba": {
    "3": Infinity,
    "10": Infinity,
    "20": Infinity,
    "30": Infinity
  },
  "GNS": {
    "3": 0.03516387939453125,
    "10": 2.348661184310913,
    "20": 20.043663024902344,
    "30": 11.907876968383789
  },
  "EGNN": {
    "3": 0.20930519700050354,
    "10": 7.253100395202637,
    "20": 136.01708984375,
    "30": 178.44699096679688
  },
  "Transformer": {
    "3": Infinity,
    "10": Infinity,
    "20": Infinity,
    "30": Infinity
  }
}