{
  "timestamp": "2026-02-17T18:54:04.570986",
  "configuration": {
    "algebra": "Cl(4,1)",
    "ga_dim": 32,
    "seq_len": 512,
    "embed_dim": 16,
    "batch_sizes": [
      1,
      8,
      32,
      128,
      512
    ]
  },
  "sparsity_analysis": {
    "full_gp": 1024,
    "rotor_vector": 80,
    "rotor_rotor": 256,
    "sandwich": 336,
    "scalar_product": 32
  },
  "manufacturing_costs": {
    "A100 GPU": 1141.3,
    "GAPU v1 (Parallel)": 1105.26,
    "CSD (Systolic)": 1215.79,
    "GSPA (Grade-Sparse PIM)": 2625.0,
    "PHOTON (Wafer-Scale)": 2500000
  },
  "results": {
    "A100 GPU": {
      "latencies_seconds": [
        0.0011784332207664821,
        0.009077465766131857,
        0.03615986306452743,
        0.14448945225810972,
        0.5778078090324389
      ],
      "energies_joules": [
        0.47137328830659286,
        3.630986306452743,
        14.463945225810972,
        57.79578090324389,
        231.12312361297555
      ],
      "cost_usd": 1141.304347826087,
      "speedup_vs_a100": [
        1.0,
        1.0,
        1.0,
        1.0,
        1.0
      ]
    },
    "GAPU v1 (Parallel)": {
      "latencies_seconds": [
        0.00035991394133333334,
        0.0028653115306666666,
        0.011455246122666667,
        0.04581498449066667,
        0.18325393796266667
      ],
      "energies_joules": [
        0.04318967296,
        0.34383738368,
        1.3746295347200002,
        5.49779813888,
        21.99047255552
      ],
      "cost_usd": 1105.2631578947369,
      "speedup_vs_a100": [
        3.2742083188021867,
        3.1680554344538656,
        3.156620353444643,
        3.1537597112478517,
        3.1530444336216803
      ]
    },
    "CSD (Systolic)": {
      "latencies_seconds": [
        3.56e-06,
        1.9488888888888887e-05,
        7.410222222222222e-05,
        0.00029255555555555556,
        0.0011663688888888888
      ],
      "energies_joules": [
        0.0003204,
        0.001754,
        0.0066692,
        0.02633,
        0.10497319999999999
      ],
      "cost_usd": 1215.7894736842106,
      "speedup_vs_a100": [
        331.02056763103434,
        465.7764646247818,
        487.97272173686036,
        493.8872276198205,
        495.39027878467556
      ]
    },
    "GSPA (Grade-Sparse PIM)": {
      "latencies_seconds": [
        9.0088e-05,
        0.000713704,
        0.002851816,
        0.011404263999999999,
        0.045614056
      ],
      "energies_joules": [
        0.00585572,
        0.04639076,
        0.18536804,
        0.74127716,
        2.96491364
      ],
      "cost_usd": 2625.0,
      "speedup_vs_a100": [
        13.080912227671634,
        12.718810271669849,
        12.679591903729914,
        12.669774415789544,
        12.667319236694034
      ]
    },
    "PHOTON (Wafer-Scale)": {
      "latencies_seconds": [
        5.388437333333334e-07,
        8.107498666666666e-07,
        1.7429994666666667e-06,
        5.4719978666666666e-06,
        2.0387991466666664e-05
      ],
      "energies_joules": [
        0.008082656,
        0.012161247999999998,
        0.026144992,
        0.082079968,
        0.30581987199999994
      ],
      "cost_usd": 2500000,
      "speedup_vs_a100": [
        2186.9665505370053,
        11196.382681446665,
        20745.76828969431,
        26405.246452723346,
        28340.595000597557
      ]
    }
  }
}