{"mean_mse": 8.324181397755941, "std_mse": 1.8048002805590229, "mean_drift": 173.78578980763754, "std_drift": 85.77173786117008, "mean_latency": 98.14462979634602}