{
  "Versor (RNN)": 0.003302535507827997,
  "Mamba": Infinity,
  "GATr": 0.3253389298915863,
  "GNS": 0.16160807013511658,
  "EGNN": 0.19700464606285095,
  "Transformer (Frame)": 0.1368587613105774
}