{"mean_mse": 240.97723388671875, "std_mse": 229.65116794989683, "mean_drift": 187.08465894063315, "std_drift": 68.21034542760214, "mean_latency": 4.8445431391398115}