{
    "bitmasked_base": 124.10523176193237,
    "matrix_base": 46.01650953292847,
    "engine_speedup": 2.696971869913889
}