{
  "Versor": {
    "latency": [
      2.7054548263549805,
      10.990381240844727,
      23.040413856506348,
      47.899603843688965,
      133.09812545776367,
      283.6095094680786
    ],
    "memory": [
      291.125,
      311.28125,
      343.1875,
      404.515625,
      549.59375,
      851.25
    ],
    "lengths": [
      128,
      512,
      1024,
      2048,
      5120,
      10000
    ]
  },
  "Transformer": {
    "latency": [
      2.4220943450927734,
      12.430667877197266
    ],
    "memory": [
      293.5,
      313.75
    ],
    "lengths": [
      128,
      512
    ]
  },
  "GNS": {
    "latency": [
      0.4655122756958008,
      1.7464160919189453,
      3.976583480834961,
      7.718563079833984,
      20.118117332458496,
      40.36450386047363
    ],
    "memory": [
      296.171875,
      323.15625,
      364.484375,
      449.546875,
      655.90625,
      1046.578125
    ],
    "lengths": [
      128,
      512,
      1024,
      2048,
      5120,
      10000
    ]
  }
}
