{
  "Versor": {
    "latency": [
      3.844571113586426,
      16.702795028686523,
      33.472609519958496,
      68.79611015319824,
      187.6072883605957,
      409.82572237650555
    ],
    "lengths": [
      128,
      512,
      1024,
      2048,
      5120,
      10000
    ],
    "memory": [
      212.8,
      251.2,
      302.4,
      404.8,
      712.0,
      1200.0
    ]
  },
  "GNS": {
    "latency": [
      0.41801929473876953,
      1.6803979873657227,
      3.6092281341552734,
      7.83400535583496,
      19.54332987467448,
      40.023088455200195
    ],
    "lengths": [
      128,
      512,
      1024,
      2048,
      5120,
      10000
    ],
    "memory": [
      212.8,
      251.2,
      302.4,
      404.8,
      712.0,
      1200.0
    ]
  },
  "Transformer": {
    "latency": [
      2.27508544921875,
      11.510896682739258
    ],
    "lengths": [
      128,
      512
    ],
    "memory": [
      225.6,
      302.4
    ]
  }
}