{
  "Versor": {
    "latency": [
      24.700164794921875,
      79.05316352844238,
      142.3819065093994,
      264.7218704223633,
      654.3459892272949,
      1275.2981185913086
    ],
    "memory": [
      0,
      0,
      0,
      0,
      0,
      0
    ],
    "lengths": [
      128,
      512,
      1024,
      2048,
      5120,
      10000
    ]
  },
  "Transformer": {
    "latency": [
      3.458261489868164,
      15.253067016601562
    ],
    "memory": [
      0,
      0
    ],
    "lengths": [
      128,
      512
    ]
  },
  "GNS": {
    "latency": [
      0.7529258728027344,
      2.5200843811035156,
      4.8999786376953125,
      11.095046997070312,
      25.118112564086914,
      84.97095108032227
    ],
    "memory": [
      0,
      0,
      0,
      0,
      0,
      0
    ],
    "lengths": [
      128,
      512,
      1024,
      2048,
      5120,
      10000
    ]
  }
}