{
  "Transformer (Base)": {
    "params": 1321886,
    "latency_ms": 0.23550987243652344
  },
  "Versor (Base)": {
    "params": 6662,
    "latency_ms": 0.0496220588684082
  },
  "Mamba": {
    "params": 49631,
    "latency_ms": 0.055370330810546875
  },
  "GNS": {
    "params": 26310,
    "latency_ms": 0.08224010467529297
  },
  "HNN": {
    "params": 20609,
    "latency_ms": 0.06322860717773438
  },
  "EGNN": {
    "params": 29958,
    "latency_ms": 0.0775003433227539
  },
  "GATr": {
    "params": 18145,
    "latency_ms": 1.0278868675231934
  },
  "Versor-4ch": {
    "params": 16008,
    "latency_ms": 2.891669273376465
  },
  "Ham-Versor": {
    "params": 43776,
    "latency_ms": 2.944498062133789
  }
}