{
    "metadata": {
        "timestamp": "20260216_150448",
        "device": "cpu",
        "data_type": "SimulatedDeadReckoning",
        "hyperparams": {
            "epochs": 40,
            "batch_size": 32,
            "n_steps": 50
        },
        "system": "3.14.3 (main, Feb  3 2026, 15:32:20) [Clang 17.0.0 (clang-1700.6.3.2)]"
    },
    "metrics": {
        "GRU_Baseline": {
            "mse": 0.0002492785861250013,
            "drift": 0.012385512702167034
        },
        "Versor_RRA": {
            "mse": 0.00019545368559192866,
            "drift": 0.0044408091343939304
        }
    },
    "training_history": {
        "GRU_Baseline": [
            0.02666155168165763,
            0.006407096842303872,
            0.0019052157023300728,
            0.0013419615648066004,
            0.0011751474967847267,
            0.001097706053406,
            0.0010347010761809845,
            0.0009851207064154248,
            0.0009442344928781191,
            0.0009044210348899166,
            0.0008732640417292714,
            0.0008395979801813761,
            0.0008094138077770671,
            0.0007826691532197098,
            0.0007586471309574942,
            0.0007333719132778545,
            0.0007147848994160692,
            0.0006849738691623012,
            0.0006595334387384355,
            0.0006368653111470242,
            0.0006099194656902303,
            0.0005825133780793597,
            0.0005574833058441679,
            0.0005294431699439883,
            0.0005005192225022863,
            0.0004752364979746441,
            0.00045560540553803245,
            0.0004359284939710051,
            0.000415756314760074,
            0.0003992223995737731,
            0.00038268128604007265,
            0.0003674250018472473,
            0.0003516294527798891,
            0.000339035134917746,
            0.00032942487159743906,
            0.0003165824202975879,
            0.00030601269487912455,
            0.0002980095644791921,
            0.00028395716896435866,
            0.0002745293672584618
        ],
        "Versor_RRA": [
            0.04444618423779805,
            0.02169600340227286,
            0.013987209709982077,
            0.008834134507924318,
            0.005238264411066969,
            0.0030835154466331005,
            0.0019399527305116256,
            0.0011048757703974843,
            0.0006362329644616693,
            0.0005129857454448938,
            0.0004711162706371397,
            0.0004426145654482146,
            0.0004232892068102956,
            0.00040610889554955066,
            0.00039347565616481005,
            0.00037882703666885695,
            0.00036402321226584416,
            0.0003541577199939638,
            0.00033891227406760056,
            0.00032962557743303477,
            0.000316632257696862,
            0.0003050164494197816,
            0.00029677946295123545,
            0.0002869185331898431,
            0.0002793974165494243,
            0.0002712423486324648,
            0.0002644556739445155,
            0.00025842751977810016,
            0.0002536550057508672,
            0.0002495295494251574,
            0.0002473368765398239,
            0.00024114567689442385,
            0.00023677216765160362,
            0.0002326340686219434,
            0.000229320433572866,
            0.00022510388516820966,
            0.00022130572566917786,
            0.00021738277282565833,
            0.00021437960967887192,
            0.00021396474912762641
        ]
    }
}